Region,Environment,BasinOrZone,SubBasinOrSubZone,WatercourseOrGeographicArea
DT,Estuarine,Black,Bluewater Creek,Althaus Creek
DT,Estuarine,Black,Bluewater Creek,Bluewater Creek
DT,Estuarine,Black,Bluewater Creek,Sleeper Log Creek
DT,Estuarine,Black,Crystal Creek,Crystal Creek
DT,Estuarine,Black,Rollingstone Creek,Rollingstone Creek
DT,Estuarine,Black,Rollingstone Creek,Saltwater Creek
DT,Estuarine,Ross,Alligator Creek,Alligator Creek
DT,Estuarine,Ross,Bohle River,Bohle River
DT,Estuarine,Ross,Bohle River,Louisa Creek
DT,Estuarine,Ross,Lower Ross River,Ross Creek
DT,Estuarine,Ross,Lower Ross River,Ross River
DT,Estuarine,Ross,Stuart Creek,Sandfly Creek
